ablation,variant,shenzhen_timika_auroc,montgomery_timika_auroc,tbx11k_timika_auroc,shenzhen_alp_mean,montgomery_alp_mean,tbx11k_alp_mean,nih_alp_mean,cavity_rate_shenzhen,cavity_rate_montgomery,cavity_rate_tbx11k,tb_head_shenzhen,lung_dice_montgomery,lung_dice_shenzhen,moe_lesion_dice_tbx11k
D_routing_variant,D1_soft_moe,0.6133640552995392,0.3061224489795918,0.4095238095238095,37.797250476392215,22.09777375489502,28.60021827347584,22.631869772445224,0.6935483870967742,1.0,0.2142857142857142,0.8801843317972351,0.8744675219139555,0.8320833933738907,0.3574994395428927
D_routing_variant,D2_top1_hard,0.6345622119815668,0.3214285714285714,0.3826839826839827,40.752426487100585,25.052700252877106,32.86836484211408,30.91414079854581,0.6935483870967742,1.0,0.2142857142857142,0.8801843317972351,0.8744675219139555,0.8320833933738907,0.3310406247993257
D_routing_variant,D3_uniform,0.5986175115207373,0.3061224489795918,0.4168831168831169,37.10554806360091,22.33284795012611,26.625169398141715,19.501708984008108,0.6935483870967742,1.0,0.2142857142857142,0.8801843317972351,0.8744675219139555,0.8320833933738907,0.3602532981617891
D_routing_variant,D4_force_consolidation,0.6274193548387097,0.3214285714285714,0.4069264069264069,35.50111880783811,25.052700252877106,28.663079158285967,20.974484648977715,0.6935483870967742,1.0,0.2142857142857142,0.8801843317972351,0.8744675219139555,0.8320833933738907,0.3519629129745266
