ablation,variant,shenzhen_timika_auroc,montgomery_timika_auroc,tbx11k_timika_auroc,shenzhen_alp_mean,montgomery_alp_mean,tbx11k_alp_mean,nih_alp_mean,cavity_rate_shenzhen,cavity_rate_montgomery,cavity_rate_tbx11k,tb_head_shenzhen,lung_dice_montgomery,lung_dice_shenzhen,moe_lesion_dice_tbx11k
C_cavity_threshold,C_cav_0.85,0.740552995391705,0.3469387755102041,0.4038961038961038,37.797250476392215,22.09777375489502,28.60021827347584,22.631869772445224,0.0,0.0714285714285714,0.0,0.8801843317972351,0.8744675219139555,0.8320833933738907,0.3574994395428927
C_cavity_threshold,C_cav_0.75,0.6785714285714286,0.3112244897959184,0.4038961038961038,37.797250476392215,22.09777375489502,28.60021827347584,22.631869772445224,0.0161290322580645,1.0,0.0,0.8801843317972351,0.8744675219139555,0.8320833933738907,0.3574994395428927
C_cavity_threshold,C_cav_0.65,0.6133640552995392,0.3061224489795918,0.4095238095238095,37.797250476392215,22.09777375489502,28.60021827347584,22.631869772445224,0.6935483870967742,1.0,0.2142857142857142,0.8801843317972351,0.8744675219139555,0.8320833933738907,0.3574994395428927
C_cavity_threshold,C_cav_0.55,0.728110599078341,0.3061224489795918,0.4515151515151515,37.797250476392215,22.09777375489502,28.60021827347584,22.631869772445224,0.967741935483871,1.0,0.6428571428571429,0.8801843317972351,0.8744675219139555,0.8320833933738907,0.3574994395428927
