ablation,variant,shenzhen_timika_auroc,montgomery_timika_auroc,tbx11k_timika_auroc,shenzhen_alp_mean,montgomery_alp_mean,tbx11k_alp_mean,nih_alp_mean,cavity_rate_shenzhen,cavity_rate_montgomery,cavity_rate_tbx11k,tb_head_shenzhen,lung_dice_montgomery,lung_dice_shenzhen,moe_lesion_dice_tbx11k
A_otsu,A1_clamped_0.5_0.8,0.6133640552995392,0.3061224489795918,0.4095238095238095,37.797250476392215,22.09777375489502,28.60021827347584,22.631869772445224,0.6935483870967742,1.0,0.2142857142857142,0.8801843317972351,0.8744675219139555,0.8320833933738907,0.3574994395428927
A_otsu,A2_pure_otsu,0.6129032258064515,0.3061224489795918,0.4099567099567099,37.83706405161395,22.090168712206918,28.61118574838088,22.45145719778163,0.6935483870967742,1.0,0.2142857142857142,0.8801843317972351,0.8744675219139555,0.8320833933738907,0.3569064303244822
A_otsu,A3_fixed_0.5,0.6131336405529954,0.3061224489795918,0.4095238095238095,37.75789525303494,22.09777375489502,28.60021827347584,22.631869772445224,0.6935483870967742,1.0,0.2142857142857142,0.8801843317972351,0.8744675219139555,0.8320833933738907,0.3574994395428927
A_otsu,A4_fixed_0.7,0.6094470046082949,0.3061224489795918,0.4077922077922077,37.72266559442436,22.11862759282349,28.659782340395665,22.789103190486284,0.6935483870967742,1.0,0.2142857142857142,0.8801843317972351,0.8744675219139555,0.8320833933738907,0.3569064303244822
