ablation,variant,shenzhen_timika_auroc,montgomery_timika_auroc,tbx11k_timika_auroc,shenzhen_alp_mean,montgomery_alp_mean,tbx11k_alp_mean,nih_alp_mean,cavity_rate_shenzhen,cavity_rate_montgomery,cavity_rate_tbx11k,tb_head_shenzhen,lung_dice_montgomery,lung_dice_shenzhen,moe_lesion_dice_tbx11k
F_routing_temperature,F_tau_0.25,0.6251152073732719,0.3061224489795918,0.4008658008658008,38.43099716895762,21.92695671661364,30.024828698713623,24.95238686504493,0.6935483870967742,1.0,0.2142857142857142,0.8801843317972351,0.8744675219139555,0.8320833933738907,0.3562162932195525
F_routing_temperature,F_tau_0.5,0.6133640552995392,0.3061224489795918,0.4095238095238095,37.797250476392215,22.09777375489502,28.60021827347584,22.631869772445224,0.6935483870967742,1.0,0.2142857142857142,0.8801843317972351,0.8744675219139555,0.8320833933738907,0.3574994395428927
F_routing_temperature,F_tau_1.0,0.6069124423963134,0.3061224489795918,0.4129870129870129,37.47146520725814,22.19270783643962,27.65734504686722,21.119958744763,0.6935483870967742,1.0,0.2142857142857142,0.8801843317972351,0.8744675219139555,0.8320833933738907,0.3579621178249142
F_routing_temperature,F_tau_2.0,0.6020737327188941,0.3061224489795918,0.4064935064935064,37.26436722857477,22.24302224577273,27.12546609249256,20.251379723983675,0.6935483870967742,1.0,0.2142857142857142,0.8801843317972351,0.8744675219139555,0.8320833933738907,0.3577322975308729
