ablation,variant,shenzhen_timika_auroc,montgomery_timika_auroc,tbx11k_timika_auroc,shenzhen_alp_mean,montgomery_alp_mean,tbx11k_alp_mean,nih_alp_mean,cavity_rate_shenzhen,cavity_rate_montgomery,cavity_rate_tbx11k,tb_head_shenzhen,lung_dice_montgomery,lung_dice_shenzhen,moe_lesion_dice_tbx11k
E_fusion_mode,E_weighted_logit,0.6133640552995392,0.3061224489795918,0.4095238095238095,37.797250476392215,22.09777375489502,28.60021827347584,22.631869772445224,0.6935483870967742,1.0,0.2142857142857142,0.8801843317972351,0.8744675219139555,0.8320833933738907,0.3574994395428927
E_fusion_mode,E_weighted_prob,0.6161290322580646,0.3061224489795918,0.4047619047619047,37.8621239786364,22.247759929603227,28.70450050171196,22.69282509071746,0.6935483870967742,1.0,0.2142857142857142,0.8801843317972351,0.8744675219139555,0.8320833933738907,0.3546933232824115
